{
  "users": [
    {
      "email": "zlg@gmail.com",
      "name": "Yo Mamma",
      "imgUrl": "https://i.imgur.com/nbZ9vAeb.jpg",
      "id": 1
    },
    {
      "email": "daniel@gmail.com",
      "name": "Daniel Henderson",
      "imgUrl": "https://danielhenderson17.com/img/Portrait.png",
      "id": 2
    },
    {
      "email": "julie@gmail.com",
      "name": "ZombieLynx Gaming",
      "imgUrl": "https://musicart.xboxlive.com/7/4d4d6500-0000-0000-0000-000000000002/504/image.jpg?w=1920&h=1080",
      "id": 3
    },
    {
      "email": "alex.smith@gmail.com",
      "name": "Alex Smith",
      "imgUrl": "https://i.imgur.com/HXY3V2U.jpeg",
      "id": 4
    },
    {
      "email": "karen.jones@gmail.com",
      "name": "Karen Jones",
      "imgUrl": "https://i.imgur.com/OHIQCdC.jpeg",
      "id": 5
    },
    {
      "email": "bobby.brown@gmail.com",
      "name": "Bobby Brown",
      "imgUrl": "https://i.imgur.com/lQDu7f0.jpeg",
      "id": 6
    },
    {
      "email": "emily.davis@gmail.com",
      "name": "Emily Davis",
      "imgUrl": "https://i.imgur.com/02edpZp.jpeg",
      "id": 7
    },
    {
      "email": "chris.taylor@gmail.com",
      "name": "Chris Taylor",
      "imgUrl": "https://i.imgur.com/ozhFhOs.jpeg",
      "id": 8
    },
    {
      "email": "zlgtest@gmail.com",
      "name": "ZLGTest",
      "imgUrl": "https://firebasestorage.googleapis.com/v0/b/restroom-rater-43186.appspot.com/o/avatars%2FScreenshot%202023-11-04%20154608.png?alt=media&token=2cf6727d-b873-4d29-b447-f855aeda98a3",
      "totalRatings": 0,
      "averageRatings": 0,
      "id": 9
    },
    {
      "email": "dan@theinternet.com",
      "name": "dan",
      "imgUrl": "https://firebasestorage.googleapis.com/v0/b/restroom-rater-43186.appspot.com/o/avatars%2Favatar.jfif?alt=media&token=99b01ff6-81d5-4017-8eaf-24188eb22459",
      "totalRatings": 0,
      "averageRatings": 0,
      "id": 10
    }
  ],
  "locations": [
    {
      "id": 1,
      "name": "Exxon Mobile",
      "address": "1234 Cherry Street, Murfreesboro, TN",
      "imgUrl": "https://cdn.winsightmedia.com/platform/files/public/2020-08/background/800x1000/Exxon_Station_1596749449.jpg?VersionId=VtIpuIN2iem0USHQ6cmTnUlktTg8994b.png"
    },
    {
      "id": 2,
      "name": "Shell Gas Station",
      "address": "5678 Elm Street, Murfreesboro, TN",
      "imgUrl": "https://headlight.news/wp-content/uploads/2024/03/Shell-Gas-Station.jpg"
    },
    {
      "id": 3,
      "name": "Pilot Travel Center",
      "address": "7890 Maple Avenue, Murfreesboro, TN",
      "imgUrl": "https://pilotflyingj.com/media/pr2nrzrk/greenfield-in-external-storefront.jpg"
    },
    {
      "id": 4,
      "name": "Love's Travel Stop",
      "address": "2468 Oak Drive, Murfreesboro, TN",
      "imgUrl": "https://upload.wikimedia.org/wikipedia/commons/1/1d/Love%27s_Travel_Stop_%28Bushnell%2C_Fla.%29_%2849417678437%29.jpg"
    },
    {
      "id": 5,
      "name": "BP Gas Station",
      "address": "1357 Pine Road, Murfreesboro, TN",
      "imgUrl": "https://miyamotointernational.com/wp-content/uploads/1-55.jpg"
    },
    {
      "id": 6,
      "name": "BP Gas Station",
      "address": "1818 Somewhere Street, Murfreesboro, TN",
      "imgUrl": "https://miyamotointernational.com/wp-content/uploads/1-55.jpg"
    },
    {
      "id": 7,
      "name": "Shell",
      "address": "173 Old Fort Pkwy, Murfreesboro, TN",
      "imgUrl": "https://maps.gstatic.com/tactile/pane/default_geocode-1x.png"
    },
    {
      "id": 8,
      "name": "Exxon",
      "address": "123 Cherry Street, Mobile, AL",
      "imgUrl": "https://maps.gstatic.com/tactile/pane/default_geocode-1x.png"
    },
    {
      "id": 9,
      "name": "Shell",
      "address": "1411 S Church St, Murfreesboro, TN",
      "imgUrl": "https://maps.googleapis.com/maps/api/place/photo?maxwidth=400&photoreference=AXCi2Q73S9IpKxpVJL1KQuu0fJTYJcZYvY3DryrSHgPD7wa-VpYbnQzaRlQrWcfwIdaIP3Gcui8neXcyOZzV6mQEkQqeSTUKWhvW2x_itmWFKvaFeet_pq1iMbEXrIanUzWRYCZT2Uh1s-srRIR-yn4rDRHU0gsw3Ccfm6iBNb4vC-Dgw0bB&key=AIzaSyAU-qTrKb44Kvtf5JFvEd2oicbapJ2HHX0"
    },
    {
      "id": 10,
      "name": "Exxon",
      "address": "1849 E Northfield Blvd, Murfreesboro, TN",
      "imgUrl": "https://maps.googleapis.com/maps/api/place/photo?maxwidth=400&photoreference=AXCi2Q72hhcvIqTjTmbY0qDCgjs1kF7_QhjcB6ZZUM-YkmcRrvhs-gyOaATSMcLhhDglNqhbDpSl02UwS03Z3ocUgmxAKNXeS6e1PWl8eqnj-MzNRsj5tyC6lkzz-Ab_hJhVf2-IJTW7ZKO2QggBU3Vg_QbmKmj2s9oecKTmVS4JvQCASJru&key=AIzaSyAU-qTrKb44Kvtf5JFvEd2oicbapJ2HHX0"
    },
    {
      "id": 11,
      "name": "Twice Daily",
      "address": "110 John R Rice Blvd, Murfreesboro, TN",
      "imgUrl": "https://maps.googleapis.com/maps/api/place/photo?maxwidth=400&photoreference=AXCi2Q4Ieh5TvSerjGMYXuPX0SiUvRUREsMTNUqKmRolmSjmOArAQisbU7kK3XXxXIjM7hD6wvN3tvy1PH4ETWXsvbfYx9aaMu3mJR90QbDePY5doGD9ueI4eQeKItGlz7BuFJuuaDU4BnZxtatBNdzXPd64u8e9L1EkgJi0ULWk-w95Z7hH&key=AIzaSyAU-qTrKb44Kvtf5JFvEd2oicbapJ2HHX0"
    },
    {
      "id": 12,
      "name": "Sam's Club",
      "address": "125 John R Rice Blvd, Murfreesboro, TN",
      "imgUrl": "https://maps.googleapis.com/maps/api/place/photo?maxwidth=400&photoreference=AXCi2Q4Dwp_wTExefS6cIkS3TASVVpcNvW0n2g7y-Nr-tPqJ7GoK9vtGkPjBABAXiXt__lMjlnFJvjMHgRKzzekPIDp9Qpk-Jllg_hORaiA7_PXBsEJPXOkUUx20XORQ6mvE1n8Kh4gn2WK7a7XqP-FGJtMRR5TEkgBmZ1A9l70xD3MSuErE"
    },
    {
      "id": 13,
      "name": "Walmart Bakery",
      "address": "2478 New Salem Hwy, Murfreesboro, TN",
      "imgUrl": "https://maps.googleapis.com/maps/api/place/photo?maxwidth=400&photoreference=AXCi2Q71ndF7uESwNwxk19tQR7oKHJGDmEPfLwaVn-o5Fu6GGvC6KQfZrgp_dfbrjln9_qZ-FZmUGwgsAbpzHHC6_Gbp7Cy1fmzo4UJJ6jzhA_ULVwFjopQFDENt15MZqTxeQZTJliKZIrilsbrzrdRS2Db-yD3Iu69RNkx8Y0q79WJrXSBZ&key=AIzaSyAU-qTrKb44Kvtf5JFvEd2oicbapJ2HHX0"
    },
    {
      "id": 14,
      "name": "McDonald's",
      "address": "2485 S Church St, Murfreesboro, TN",
      "imgUrl": "https://maps.googleapis.com/maps/api/place/photo?maxwidth=400&photoreference=AXCi2Q5YtqjzMWa_Vi8oJhyDfNzX5Gr5QFz8tcoRThQsFAeTJ6j-OZ0mYpbuX1T3Z4jyeiBXFrU4RX2IcBzEhofnbmgjiN-Mwdk-8OMCe2fD6dizYMnwn02KN6RRz1uO5nNL5FLdf2k014Clt1JZqZ3TVC01BVvC6m1L2DvxHcz2Ybh1-D9n&key=AIzaSyAU-qTrKb44Kvtf5JFvEd2oicbapJ2HHX0"
    },
    {
      "id": 15,
      "name": "McDonald's",
      "address": "1716 S Rutherford Blvd, Murfreesboro, TN",
      "imgUrl": "https://maps.googleapis.com/maps/api/place/photo?maxwidth=400&photoreference=AXCi2Q6AMIy12Ubt-Pk3HP2W1AkCsEsFJM-KC4R9gYzkZdB3ohrklaM_2o0BFtXPc3k1hZnwl6zh0FAP-GueYUq_dU6qBpcsClW2qS6KhPDm1RJTE49Qn_XfzV4z1SA1fdxWVe35LHydBYcxyFsTXZ1nRonczPadk8QMNIGXlj2QsTl88qen&key=AIzaSyAU-qTrKb44Kvtf5JFvEd2oicbapJ2HHX0"
    },
    {
      "id": 17,
      "name": "Sonic Drive-In",
      "address": "1129 Fortress Blvd, Murfreesboro, TN",
      "imgUrl": "https://maps.googleapis.com/maps/api/place/photo?maxwidth=400&photoreference=AXCi2Q7JrgJEXNR5Aq_QlHq9yPzl9104kh1rD99FjOnxIXfpNBLgiQUgnvPbQro8m19dgJXHfFnYdaYGfHT1BdKgbGrDzTxj82TNxq4RHfswcPGT7u5iDxXfzVYJGVw2ObP3UW77RAeHuUIRzhNdWsuOWMacfKar0Z2lcE5AdttsHEwNt6BW&key=AIzaSyAU-qTrKb44Kvtf5JFvEd2oicbapJ2HHX0"
    },
    {
      "id": 18,
      "name": "Zaxbys Chicken Fingers & Buffalo Wings",
      "address": "1221 Fortress Blvd, Murfreesboro, TN",
      "imgUrl": "https://maps.googleapis.com/maps/api/place/photo?maxwidth=400&photoreference=AXCi2Q5O5ZUBy6YLiUQMnFh6a5sp5S0moyPvq5eoFgNk66BflJSvvcqdbaw5hfbkKvoLeSfV3hEQcnjhuuokqEh8Ff_IyhdrvSNRJj8FNhEK7HExZA2LktskApTie7ELTybfjmH18mNedmQXdTbw0YnGMC2D7q9sqar_CDn22JIV1bmAH8KG&key=AIzaSyAU-qTrKb44Kvtf5JFvEd2oicbapJ2HHX0"
    },
    {
      "id": 19,
      "name": "Exxon",
      "address": "7070 Hwy 70 S, Murfreesboro, TN",
      "imgUrl": "https://maps.googleapis.com/maps/api/place/photo?maxwidth=400&photoreference=AXCi2Q5pcjzkrUvVp2k70afrdfI1RIQ1TjW1ht8Vu7YhNEYkbUreweRY7pc8hyXRDCnApVAfILgw3LHF4Mr4QPpjnhRki-5bGhPkdtHWDEMBpo-Th9rYt0bo3Ieq22uWk34RAEn8mxuB01jWVlaBUycSy-LnKL-Jzgi_4E5bM-tsTYePzb_y&key=AIzaSyAU-qTrKb44Kvtf5JFvEd2oicbapJ2HHX0"
    },
    {
      "id": 20,
      "name": "Exxon",
      "address": "2664 Smith Springs Rd, Murfreesboro, TN",
      "imgUrl": "https://maps.googleapis.com/maps/api/place/photo?maxwidth=400&photoreference=AXCi2Q7MTixq51_ZEYYWHasSgBvnaq4eciP-kI5I8f7kkbC_svRUJpS0rC6L1oA8RjG7nI5IqGkU7QZm98Ezyrx3YPQ22VkELCN-Ebt6GRAOP2xjSWy5xgEfDPgXkQh2n1Vkgntjf1G9WzFXAaV7CJndc_9j3ZbVdgrTceOFn19CZF56C3O8&key=AIzaSyAU-qTrKb44Kvtf5JFvEd2oicbapJ2HHX0"
    },
    {
      "id": 21,
      "name": "Joe's Crab Pot",
      "address": "621 E Barbour St, Murfreesboro, TN",
      "imgUrl": "https://maps.googleapis.com/maps/api/place/photo?maxwidth=400&photoreference=AXCi2Q4yvXDpseR3_8t7-cIybWiigvPfZjjcyST-qSmC4V_QEYwt6j4WyYes6bWQs50BSVdMsmtg6fbOcOtcTPRE5YmxdAOI7njA63dzHchD5T5tBf3vefAKarkKPN0USwKnXWcUh9QuvxA-vR-CMnCIScQeSagjmQpFu8BXzogDknwWHfmf&key=AIzaSyAU-qTrKb44Kvtf5JFvEd2oicbapJ2HHX0"
    },
    {
      "id": 22,
      "name": "Joe's Crab Shack",
      "address": "1219 Celebrity Cir, Myrtle Beach, SC",
      "imgUrl": "https://maps.googleapis.com/maps/api/place/photo?maxwidth=400&photoreference=AXCi2Q5qH_WOE0edZtZP7lEwrk4m9lWZR15MdpmlZlLCYdguItEMoSK8jc0Rxnt8JJmxhIDi1---ex-3uSGqhVJbgJaXq-My7pb4U8W5O6-M9lewgjLFPh3avSA5ut2emSeYiF0Y_8LwRSGUfgKyiXfmtNHhcYZf94azyTca3XgTsP3pzT-J&key=AIzaSyAU-qTrKb44Kvtf5JFvEd2oicbapJ2HHX0"
    },
    {
      "name": "Baskin-Robbins",
      "address": "2170 Old Fort Pkwy, Murfreesboro, TN 37129",
      "imgUrl": "https://maps.googleapis.com/maps/api/place/photo?maxwidth=400&photoreference=AXCi2Q7dKMCSRQt6BsjVjs1WC46MmQEm9nIps4gLCbnz3p8pUW01n-M07Hg2MXMNJT1zNEVQM59Uy-y61nmRyc4KPPEvt4tpdUl5usDnTwO8xJc9sAo7Krr5RI3oJOCGvlSVYBwg8imQzZLWCrDjHcZHVXKE9L5BHBZ-6d16tY3IPuxWuQA&key=AIzaSyAU-qTrKb44Kvtf5JFvEd2oicbapJ2HHX0",
      "id": 23
    },
    {
      "name": "Kroger",
      "address": "4432 Veterans Pkwy, Murfreesboro, TN 37128",
      "imgUrl": "https://maps.googleapis.com/maps/api/place/photo?maxwidth=400&photoreference=AXCi2Q5z2ducvOZiPTEAg6Gwu9OdHHaNAZVZMNQJ9ecStIYS4M9bLuPjmwfeyTaoDTDlvOYyjfpj_XHQLQ38HBzFctR70BQ4YuqoZXCICsg2ajkFcBP6ZhEyXYYMhsx1TRPM2JX5370y2EaHsUalviDRVQcYoepqOptv8A2bOedCMfT7gTlC&key=AIzaSyAU-qTrKb44Kvtf5JFvEd2oicbapJ2HHX0",
      "id": 24
    },
    {
      "name": "Nashville International Airport",
      "address": "1 Terminal Dr, Nashville, TN 37214",
      "imgUrl": "https://maps.googleapis.com/maps/api/place/photo?maxwidth=400&photoreference=AXCi2Q7l6cMtWD_8JrIb2DTWAZitSdcsxnEgf0LPYWl4Ey5bX0L5lQTRLBw5sQBbVyMiS_GkjfyZ5e-3oDn4iPueahQsZEO2vSVFW8jg5FqZnuHMqitie03xce0s7n946DVNie1ydX2L1oE29lchyE_p3l6j99tLsnVHEZ5MaaVbJRDqRIgt&key=AIzaSyAU-qTrKb44Kvtf5JFvEd2oicbapJ2HHX0",
      "id": 25
    },
    {
      "name": "Sonic Drive-In",
      "address": "4305 Hixson Pike, Chattanooga, TN 37415",
      "imgUrl": "https://maps.googleapis.com/maps/api/place/photo?maxwidth=400&photoreference=AXCi2Q6BHDg0KADvC9UqqavTQBLZsjkGxNckmvVKhL_RfzxGcApqMLaZGa_rpaXeCqdbCPG3MFcWUaoGHvhwVIaJe3ImOUykIqxBV-xBm_uiBvd4w4yhojPblpHziNF6kC6xqG1j6pwZLoUjlYks7RRLLX0ueXW3KXd_MQPNa6vHveEiGKhX&key=AIzaSyAU-qTrKb44Kvtf5JFvEd2oicbapJ2HHX0",
      "id": 26
    },
    {
      "name": "MAPCO",
      "address": "5001 Linbar Dr, Nashville, TN 37211",
      "imgUrl": "https://maps.googleapis.com/maps/api/place/photo?maxwidth=400&photoreference=AdCG2DOV6p4Q4d3WbHo3dS4kX9kWlAPSzqWci2JaGFwYiKxT4uMNpAWKe61Rq8QXcxLOQJxwxBRJgeRYgaplMYCydaHIGl_z7Cwi33568ZsY17w6z9SVGcILW_-swKgqO3ex5jbIq6rvIQaBEtD3W9Ky_ywRHUd-NPK3UwXU3xp1Wsblah5E&key=AIzaSyAU-qTrKb44Kvtf5JFvEd2oicbapJ2HHX0",
      "id": 27
    },
    {
      "name": "McDonald's",
      "address": "1436 N Rutherford Blvd, Murfreesboro, TN 37130",
      "imgUrl": "https://maps.googleapis.com/maps/api/place/photo?maxwidth=400&photoreference=AdCG2DN_yCwPFmzKJjKQYU9ZsUWE-UVRWmL4MassnYuwPwJ1QU7kyXjFMk51i8DtLTRMntG13Fe_NNYfJ_3sH8bVp40wAkGJjz-k6vnNNKYpPHkUNzgtSb01eMzIW6HoM30Q_M10FwaA98CgopmmJW7QBYQFmAZekYSHMDMwBjUg7nG6NZro&key=AIzaSyAU-qTrKb44Kvtf5JFvEd2oicbapJ2HHX0",
      "id": 28
    },
    {
      "name": "The Home Depot",
      "address": "5010 Old Hickory Blvd, Hermitage, TN 37076",
      "imgUrl": "https://maps.googleapis.com/maps/api/place/photo?maxwidth=400&photoreference=AdCG2DPDNXddb2wZOulHetcr1Qs_9a6trggvS8eBzSrzYRDVgc49FbvMMdoZgfIdDO65PGv6-u-oh48gzNeuQZ9RjBgPn0GwoNMMmW1_ff6SutJbnUII_8Cw_Y2EliueKi86Yo-z7QuNZPMz1JgjmwYF5hUBLSV3tJ4y1q74Cf2OIwc8fKU6&key=AIzaSyAU-qTrKb44Kvtf5JFvEd2oicbapJ2HHX0",
      "id": 29
    }
  ],
  "ratings": [
    {
      "userId": 2,
      "stars": 4,
      "comment": "Not bad, but could be cleaner. I don't feel it's that big of a deal to clean a bathroom. We all use them, we all want them clean, so it’s a bit disappointing that the place wasn’t up to par in terms of cleanliness.",
      "locationId": 4,
      "date": "2024-10-01T03:32:04.541Z",
      "id": 6,
      "edited": false
    },
    {
      "userId": 1,
      "stars": 4,
      "comment": "Pretty clean overall. It could use a bit of tidying up during busy hours, but it’s decent.",
      "locationId": 1,
      "date": "2024-10-03T18:48:18.577Z",
      "id": 7,
      "edited": true
    },
    {
      "userId": 3,
      "stars": 3,
      "comment": "The bathroom had an odd smell and was a bit dirty.",
      "locationId": 1,
      "date": "2024-09-30T12:50:12.672Z",
      "id": 8,
      "edited": false
    },
    {
      "userId": 6,
      "stars": 4,
      "comment": "Clean bathroom, but some areas like the sink needed attention.",
      "locationId": 1,
      "date": "2024-09-30T13:15:55.234Z",
      "id": 9,
      "edited": false
    },
    {
      "userId": 3,
      "stars": 3,
      "comment": "The bathroom was not well-maintained. It had an odd smell and was dirty.",
      "locationId": 2,
      "date": "2024-09-30T13:45:23.112Z",
      "id": 10,
      "edited": false
    },
    {
      "userId": 1,
      "stars": 4,
      "comment": "Clean bathroom overall, but the toilet paper was running low.",
      "locationId": 2,
      "date": "2024-09-30T14:12:32.876Z",
      "id": 11,
      "edited": false
    },
    {
      "userId": 4,
      "stars": 5,
      "comment": "Surprisingly clean for a gas station! Very impressed.",
      "locationId": 3,
      "date": "2024-09-30T14:30:12.785Z",
      "id": 12,
      "edited": false
    },
    {
      "userId": 7,
      "stars": 5,
      "comment": "Spotless! One of the cleanest bathrooms I’ve ever encountered at a gas station.",
      "locationId": 3,
      "date": "2024-09-30T16:02:28.892Z",
      "id": 13,
      "edited": false
    },
    {
      "userId": 5,
      "stars": 3,
      "comment": "The bathroom was okay, but I expected it to be cleaner.",
      "locationId": 5,
      "date": "2024-09-30T15:20:15.673Z",
      "id": 15,
      "edited": false
    },
    {
      "userId": 6,
      "stars": 4,
      "comment": "Overall clean, but there were some issues with the sink area being messy.",
      "locationId": 5,
      "date": "2024-09-30T15:55:46.234Z",
      "id": 16,
      "edited": false
    },
    {
      "userId": 5,
      "stars": 4,
      "comment": "Decent bathroom. The floors were a bit slippery, but otherwise clean.",
      "locationId": 6,
      "date": "2024-09-30T16:25:33.456Z",
      "id": 17,
      "edited": false
    },
    {
      "userId": 7,
      "stars": 5,
      "comment": "Extremely clean and well-kept. Very impressed with the upkeep.",
      "locationId": 7,
      "date": "2024-09-30T16:35:21.673Z",
      "id": 18,
      "edited": false
    },
    {
      "userId": 2,
      "comment": "Was very smelly",
      "stars": 4,
      "locationId": 9,
      "id": 20,
      "edited": false
    },
    {
      "userId": 2,
      "comment": "Was a great experience!",
      "stars": 4,
      "date": "2024-10-02T16:17:46.656Z",
      "locationId": 10,
      "id": 21,
      "edited": false
    },
    {
      "userId": 2,
      "comment": "Yet another test",
      "stars": 4,
      "date": "2024-10-02T16:29:48.826Z",
      "locationId": 11,
      "id": 22,
      "edited": false
    },
    {
      "userId": 2,
      "comment": "This is a new place I am testing the review",
      "stars": 4,
      "date": "2024-10-02T16:35:38.475Z",
      "locationId": 12,
      "id": 23,
      "edited": false
    },
    {
      "userId": 2,
      "comment": "Mmm delicious",
      "stars": 4,
      "date": "2024-10-02T16:50:53.376Z",
      "locationId": 13,
      "id": 24,
      "edited": false
    },
    {
      "userId": 2,
      "comment": "Lets see if this works",
      "stars": 4,
      "date": "2024-10-02T16:57:29.122Z",
      "locationId": 14,
      "id": 25,
      "edited": false
    },
    {
      "userId": 2,
      "comment": "hi",
      "stars": 5,
      "date": "2024-10-02T17:03:13.614Z",
      "locationId": 15,
      "id": 26,
      "edited": false
    },
    {
      "userId": 2,
      "comment": "test",
      "stars": 4,
      "date": "2024-10-02T18:05:48.228Z",
      "locationId": 17,
      "id": 28,
      "edited": false
    },
    {
      "userId": 4,
      "comment": "Not quite finger lickin good but good nonetheless",
      "stars": 4,
      "date": "2024-10-02T18:38:41.468Z",
      "locationId": 18,
      "id": 29,
      "edited": false
    },
    {
      "userId": 4,
      "comment": "Meh! so so. but also not bad",
      "stars": 3,
      "date": "2024-10-02T18:39:24.129Z",
      "locationId": 19,
      "id": 30,
      "edited": false
    },
    {
      "userId": 4,
      "comment": "Best bathroom I have ever used. Period!",
      "stars": 5,
      "date": "2024-10-02T18:40:20.612Z",
      "locationId": 20,
      "id": 31,
      "edited": false
    },
    {
      "userId": 1,
      "comment": "I love me some crabs. MMMM MMM",
      "stars": 4,
      "date": "2024-10-02T18:41:39.397Z",
      "locationId": 21,
      "id": 32,
      "edited": false
    },
    {
      "userId": 1,
      "comment": "More Crab! Yes!",
      "stars": 5,
      "date": "2024-10-02T18:41:57.677Z",
      "locationId": 22,
      "id": 33,
      "edited": false
    },
    {
      "userId": 5,
      "stars": 1,
      "comment": "They didn't give me enough sauce!",
      "locationId": 18,
      "date": "2024-10-02T18:42:38.383Z",
      "id": 34,
      "edited": false
    },
    {
      "userId": 5,
      "stars": 1,
      "comment": "They didn't give me enough sauce!",
      "locationId": 18,
      "date": "2024-10-02T18:42:42.673Z",
      "id": 35,
      "edited": false
    },
    {
      "userId": 5,
      "stars": 1,
      "comment": "They didn't give me enough sauce!",
      "locationId": 18,
      "date": "2024-10-02T18:42:44.141Z",
      "id": 36,
      "edited": false
    },
    {
      "userId": 5,
      "stars": 2,
      "comment": "They didn't give me enough sauce!",
      "locationId": 18,
      "date": "2024-10-02T18:42:48.890Z",
      "id": 37,
      "edited": false
    },
    {
      "userId": 5,
      "stars": 4,
      "comment": "I like crab as well!\n",
      "locationId": 21,
      "date": "2024-10-02T18:46:16.614Z",
      "id": 38,
      "edited": false
    },
    {
      "userId": 5,
      "stars": 4,
      "comment": "Yummy in my tummy",
      "locationId": 22,
      "date": "2024-10-02T18:46:58.466Z",
      "id": 39,
      "edited": false
    },
    {
      "userId": 7,
      "stars": 3,
      "comment": "The guy at the counter was nice!",
      "locationId": 9,
      "date": "2024-10-02T18:49:32.882Z",
      "id": 40,
      "edited": false
    },
    {
      "userId": 6,
      "stars": 4,
      "comment": "I mean.. i love this place",
      "locationId": 20,
      "date": "2024-10-02T18:51:56.969Z",
      "id": 41,
      "edited": false
    },
    {
      "userId": 2,
      "stars": 5,
      "comment": "Yay! more stuff!",
      "locationId": 1,
      "date": "2024-10-21T15:41:05.331Z",
      "id": 42,
      "edited": true
    },
    {
      "userId": 2,
      "stars": 4,
      "comment": "Nice joint",
      "locationId": 3,
      "date": "2024-10-02T19:46:36.875Z",
      "id": 43,
      "edited": false
    },
    {
      "userId": 1,
      "stars": 4,
      "comment": "Showing Ben Ben",
      "locationId": 3,
      "date": "2024-10-03T00:08:21.471Z",
      "id": 44,
      "edited": false
    },
    {
      "userId": 1,
      "comment": "Yummy in my tum tum tummy",
      "stars": 4,
      "date": "2024-10-03T00:09:23.595Z",
      "locationId": 23,
      "id": 45,
      "edited": false
    },
    {
      "userId": 8,
      "stars": 4,
      "comment": "test",
      "locationId": 3,
      "date": "2024-10-03T00:19:18.452Z",
      "id": 46,
      "edited": false
    },
    {
      "userId": 8,
      "comment": "ya!",
      "stars": 4,
      "date": "2024-10-03T00:20:25.969Z",
      "locationId": 24,
      "id": 47,
      "edited": false
    },
    {
      "userId": 8,
      "comment": "Great place to go. time really flies by",
      "stars": 4,
      "date": "2024-10-03T14:58:00.753Z",
      "locationId": 25,
      "id": 48,
      "edited": false
    },
    {
      "userId": 8,
      "comment": "Best food in town",
      "stars": 4,
      "date": "2024-10-03T18:33:01.583Z",
      "locationId": 26,
      "id": 49,
      "edited": false
    },
    {
      "userId": 10,
      "comment": "Bathroom was clean!",
      "stars": 4,
      "date": "2024-10-21T15:40:33.312Z",
      "locationId": 27,
      "id": 50
    },
    {
      "userId": 2,
      "comment": "test",
      "stars": 4,
      "date": "2024-10-26T03:57:17.494Z",
      "locationId": 28,
      "id": 51
    },
    {
      "userId": 2,
      "comment": "test",
      "stars": 4,
      "date": "2024-10-26T04:29:03.401Z",
      "locationId": 29,
      "id": 52
    }
  ]
}